avg_correlation,pc1_share,d_eff,d_eff_over_N,universe_turnover_mean
0.2859412989054152,0.3783670806284186,6.2164326627978355,0.20721442209326119,0.005864695340501793
