{
  "params": {
    "universe_id": 267,
    "corr_group": "high",
    "avg_corr_val": 0.393535493659981,
    "A_cvar": 0.028135818018158325,
    "C_stable_cvar": 0.025982616036724346,
    "delta_A": 0.0021532019814339796,
    "win_vs_A": true,
    "kappa_max": 1.0,
    "weight_cap": 0.15,
    "rho": 0.7
  },
  "metrics": [
    {
      "annualized_return": -0.019062529055800415,
      "annualized_volatility": 0.1862065075250286,
      "sharpe_ratio": -0.10237305510516682,
      "sortino_ratio": -0.13422053173232384,
      "max_drawdown": 0.34202248511628597,
      "var_5pct": 0.01607063547546632,
      "cvar_5pct": 0.028135818018158325,
      "avg_turnover": 0.025255762182957175,
      "total_transaction_cost": 0.0,
      "calmar_ratio": -0.055734724719397465,
      "method": "A_ceil_CVaR",
      "group": "equity_v6",
      "crisis_2020": 0.12113925341717491,
      "crisis_2022": 0.06678408715582151,
      "universe_id": 267,
      "corr_group": "high",
      "avg_corr_val": 0.393535493659981
    },
    {
      "annualized_return": 0.049208834066886364,
      "annualized_volatility": 0.19363088862383313,
      "sharpe_ratio": 0.2541373146434524,
      "sortino_ratio": 0.3445761666153246,
      "max_drawdown": 0.32113854616477644,
      "var_5pct": 0.01667498260163791,
      "cvar_5pct": 0.027890213752565406,
      "avg_turnover": 0.020286173427729082,
      "total_transaction_cost": 0.0,
      "calmar_ratio": 0.15323241216156366,
      "method": "B_fixed_kappa",
      "group": "equity_v6",
      "crisis_2020": 0.07668231467700626,
      "crisis_2022": 0.03330653416854146,
      "universe_id": 267,
      "corr_group": "high",
      "avg_corr_val": 0.393535493659981
    },
    {
      "annualized_return": -0.00560082384546523,
      "annualized_volatility": 0.20223924101146906,
      "sharpe_ratio": -0.027694050953976857,
      "sortino_ratio": -0.033580644428595124,
      "max_drawdown": 0.3844538910752391,
      "var_5pct": 0.01647740317613544,
      "cvar_5pct": 0.029152575316079544,
      "avg_turnover": 0.028393390724177115,
      "total_transaction_cost": 0.0,
      "calmar_ratio": -0.014568258965466234,
      "method": "C_default",
      "group": "equity_v6",
      "crisis_2020": 0.1580548834905342,
      "crisis_2022": 0.017507419562314608,
      "universe_id": 267,
      "corr_group": "high",
      "avg_corr_val": 0.393535493659981
    },
    {
      "annualized_return": 0.039647747761487384,
      "annualized_volatility": 0.17719154198558887,
      "sharpe_ratio": 0.22375643508261792,
      "sortino_ratio": 0.2850741985285741,
      "max_drawdown": 0.3183588929539757,
      "var_5pct": 0.01523074822970949,
      "cvar_5pct": 0.025982616036724346,
      "avg_turnover": 0.011254192356082555,
      "total_transaction_cost": 0.0,
      "calmar_ratio": 0.12453789932992121,
      "method": "C_stable",
      "group": "equity_v6",
      "crisis_2020": 0.08537523457235452,
      "crisis_2022": 0.01898555743524699,
      "universe_id": 267,
      "corr_group": "high",
      "avg_corr_val": 0.393535493659981
    }
  ]
}