{
  "params": {
    "universe_id": 44,
    "corr_group": "mid",
    "avg_corr_val": 0.3340996774221855,
    "A_cvar": 0.02866617322594335,
    "C_stable_cvar": 0.027405904643337486,
    "delta_A": 0.0012602685826058647,
    "win_vs_A": true,
    "kappa_max": 0.75,
    "weight_cap": 0.15,
    "rho": null
  },
  "metrics": [
    {
      "annualized_return": -0.005647903204407001,
      "annualized_volatility": 0.1966317262682928,
      "sharpe_ratio": -0.028723254947682034,
      "sortino_ratio": -0.03671889181019246,
      "max_drawdown": 0.3659615015697758,
      "var_5pct": 0.017093936056327728,
      "cvar_5pct": 0.02866617322594335,
      "avg_turnover": 0.023101385297559437,
      "total_transaction_cost": 0.0,
      "calmar_ratio": -0.015433052876274056,
      "method": "A_ceil_CVaR",
      "group": "equity_v6",
      "crisis_2020": 0.10884522945008812,
      "crisis_2022": 0.08481088211962329,
      "universe_id": 44,
      "corr_group": "mid",
      "avg_corr_val": 0.3340996774221855
    },
    {
      "annualized_return": -0.019309050432882557,
      "annualized_volatility": 0.19839699231210417,
      "sharpe_ratio": -0.09732531833197813,
      "sortino_ratio": -0.12665412154790437,
      "max_drawdown": 0.3425381218570218,
      "var_5pct": 0.017552771297956963,
      "cvar_5pct": 0.028713613362948667,
      "avg_turnover": 0.02504787028036804,
      "total_transaction_cost": 0.0,
      "calmar_ratio": -0.05637051528221525,
      "method": "B_fixed_kappa",
      "group": "equity_v6",
      "crisis_2020": 0.0731558395213533,
      "crisis_2022": 0.10441073015889879,
      "universe_id": 44,
      "corr_group": "mid",
      "avg_corr_val": 0.3340996774221855
    },
    {
      "annualized_return": -0.009269725483799118,
      "annualized_volatility": 0.19344081713705188,
      "sharpe_ratio": -0.04792021467336732,
      "sortino_ratio": -0.06293659186518528,
      "max_drawdown": 0.3353733874457492,
      "var_5pct": 0.01698855028885816,
      "cvar_5pct": 0.0275858298066136,
      "avg_turnover": 0.021903071128689226,
      "total_transaction_cost": 0.0,
      "calmar_ratio": -0.027640015072151816,
      "method": "C_default",
      "group": "equity_v6",
      "crisis_2020": 0.05666700483470155,
      "crisis_2022": 0.04693005682810325,
      "universe_id": 44,
      "corr_group": "mid",
      "avg_corr_val": 0.3340996774221855
    },
    {
      "annualized_return": 0.024569331220215096,
      "annualized_volatility": 0.18575176259713388,
      "sharpe_ratio": 0.13226970703638533,
      "sortino_ratio": 0.16586051181229408,
      "max_drawdown": 0.34252892845730554,
      "var_5pct": 0.015341205844592535,
      "cvar_5pct": 0.027405904643337486,
      "avg_turnover": 0.010190680139258492,
      "total_transaction_cost": 0.0,
      "calmar_ratio": 0.07172921519613354,
      "method": "C_stable",
      "group": "equity_v6",
      "crisis_2020": 0.0692312984974709,
      "crisis_2022": 0.023587444640991162,
      "universe_id": 44,
      "corr_group": "mid",
      "avg_corr_val": 0.3340996774221855
    }
  ]
}