{
  "params": {
    "universe_id": 255,
    "corr_group": "high",
    "avg_corr_val": 0.3914196749948427,
    "A_cvar": 0.02858605358268133,
    "C_stable_cvar": 0.026846441889952288,
    "delta_A": 0.0017396116927290428,
    "win_vs_A": true,
    "kappa_max": 1.25,
    "weight_cap": 0.15,
    "rho": 0.7
  },
  "metrics": [
    {
      "annualized_return": 0.04152529513776915,
      "annualized_volatility": 0.19616711082880858,
      "sharpe_ratio": 0.21168326822128458,
      "sortino_ratio": 0.2530294405306036,
      "max_drawdown": 0.2725972396106058,
      "var_5pct": 0.015486207320503135,
      "cvar_5pct": 0.02858605358268133,
      "avg_turnover": 0.02982340848989963,
      "total_transaction_cost": 0.0,
      "calmar_ratio": 0.15233204561090335,
      "method": "A_ceil_CVaR",
      "group": "equity_v6",
      "crisis_2020": 0.04434424373751811,
      "crisis_2022": 0.13191887932197333,
      "universe_id": 255,
      "corr_group": "high",
      "avg_corr_val": 0.3914196749948427
    },
    {
      "annualized_return": 0.05794282842181975,
      "annualized_volatility": 0.1935404880877016,
      "sharpe_ratio": 0.299383498483084,
      "sortino_ratio": 0.39143634075401923,
      "max_drawdown": 0.27251269198070704,
      "var_5pct": 0.01638651904606611,
      "cvar_5pct": 0.028226321825880595,
      "avg_turnover": 0.02674711239348755,
      "total_transaction_cost": 0.0,
      "calmar_ratio": 0.21262432953369342,
      "method": "B_fixed_kappa",
      "group": "equity_v6",
      "crisis_2020": 0.046478448256052185,
      "crisis_2022": 0.23120159445282307,
      "universe_id": 255,
      "corr_group": "high",
      "avg_corr_val": 0.3914196749948427
    },
    {
      "annualized_return": 0.034723988226369906,
      "annualized_volatility": 0.19134658091911805,
      "sharpe_ratio": 0.18147169423971934,
      "sortino_ratio": 0.23818776966342423,
      "max_drawdown": 0.2600902303716248,
      "var_5pct": 0.016868064855113656,
      "cvar_5pct": 0.02742752644541034,
      "avg_turnover": 0.033739193248058415,
      "total_transaction_cost": 0.0,
      "calmar_ratio": 0.1335074684533718,
      "method": "C_default",
      "group": "equity_v6",
      "crisis_2020": 0.02416779261021751,
      "crisis_2022": 0.12547626493672637,
      "universe_id": 255,
      "corr_group": "high",
      "avg_corr_val": 0.3914196749948427
    },
    {
      "annualized_return": 0.0346512078222434,
      "annualized_volatility": 0.18400842281882224,
      "sharpe_ratio": 0.18831316138371318,
      "sortino_ratio": 0.2282625218756691,
      "max_drawdown": 0.2723344414520109,
      "var_5pct": 0.014541877013393835,
      "cvar_5pct": 0.026846441889952288,
      "avg_turnover": 0.011330148664780491,
      "total_transaction_cost": 0.0,
      "calmar_ratio": 0.12723769948998326,
      "method": "C_stable",
      "group": "equity_v6",
      "crisis_2020": 0.05594399463491351,
      "crisis_2022": 0.049529501634926976,
      "universe_id": 255,
      "corr_group": "high",
      "avg_corr_val": 0.3914196749948427
    }
  ]
}