annualized_return,annualized_volatility,sharpe_ratio,sortino_ratio,max_drawdown,var_5pct,cvar_5pct,avg_turnover,total_transaction_cost,calmar_ratio,method,group,crisis_2020,crisis_2022
0.08010034405231492,0.19832371802302654,0.403886861595721,0.4903073679151007,0.3574582520400241,0.01584185839177346,0.02860140868937774,0.014856998430892552,0.0,0.22408307430358662,A_no_kappa,ablation,0.15309025725779146,0.08001617267096062
0.054648119156710306,0.18881855672562287,0.28942133709940865,0.3943278197564498,0.2559496034948784,0.016675961583668287,0.0265794580262653,0.019985753837765324,0.0,0.21351124756793705,B_fixed_kappa,ablation,0.028897124897981574,0.11076331132082973
0.02223991432857919,0.19577935513393316,0.1135968310517971,0.13792134331539635,0.3574582520400241,0.0160521071928293,0.029171287822253294,0.02334237992656446,0.0,0.06221681609434217,C_manual_kappa,ablation,0.15557244185660568,0.09368315967968532
0.006924442948398779,0.1934098331372183,0.03580191780366255,0.0435552565719541,0.3574582520400241,0.0160521071928293,0.028715568655763433,0.012944810140951165,0.0,0.019371333320410963,C_learned_kappa,ablation,0.17655257476296127,0.08605967137131021
0.04402871690198795,0.19597684290873893,0.22466285428677368,0.27843827708813507,0.3574582520400241,0.015573715087065234,0.02825495814949494,0.021614321977659497,0.0,0.12317163375223497,D_state_action,ablation,0.14390204299817044,0.0839985187213792
