annualized_return,annualized_volatility,sharpe_ratio,sortino_ratio,max_drawdown,var_5pct,cvar_5pct,avg_turnover,total_transaction_cost,calmar_ratio,model,dataset,crisis_2020,crisis_2022
-0.005417006201125729,0.18322050864180156,-0.029565501380175982,-0.036500868775826784,0.2475813334899868,0.015771314196783646,0.027762201521427114,0.019236179122992907,0.0,-0.02187970363018024,A_no_kappa,sp30,0.08691025797490048,0.1079914053245159
0.09614315519742234,0.3133654532673056,0.30680840595217346,0.6798374160359084,0.2230076465203925,0.015438920712023598,0.026011564720514743,0.02205047350964404,0.0,0.43112044226981566,B_fixed_kappa,sp30,0.06877972461153237,0.07698990739981215
0.014325169974246599,0.16977031894883254,0.08437970820190362,0.10989860774991811,0.221944050388583,0.015397691897984508,0.025031513586067533,0.018944345992537817,0.0,0.06454405941121591,C_manual_kappa,sp30,0.0700655022134733,0.05879495136222579
-0.010554489641118603,0.17796856952224654,-0.05930535751032861,-0.07152963379573077,0.26423948594601343,0.01542120015050928,0.027058522093564106,0.02464243903548858,0.0,-0.03994289348290279,C_learned_kappa,sp30,0.10911444166239337,0.06312060450109036
0.014278736759040234,0.17407914061542143,0.08202439826254117,0.10039033139913581,0.22547573947642185,0.015830506612688536,0.02611125365722345,0.024025849431566715,0.0,0.0633271534764536,D_state_action,sp30,0.07244236919553837,0.04769271508316175
