{
  "params": {
    "universe_id": 68,
    "corr_group": "low",
    "avg_corr_val": 0.2840844666567549,
    "A_cvar": 0.028497764964724732,
    "C_stable_cvar": 0.028310571550230007,
    "delta_A": 0.00018719341449472543,
    "win_vs_A": true,
    "kappa_max": 0.75,
    "weight_cap": null,
    "rho": null
  },
  "metrics": [
    {
      "annualized_return": 0.08960593123036364,
      "annualized_volatility": 0.22018877812875434,
      "sharpe_ratio": 0.4069504903559027,
      "sortino_ratio": 0.5689666476147521,
      "max_drawdown": 0.3539303428191176,
      "var_5pct": 0.015485591425273861,
      "cvar_5pct": 0.028497764964724732,
      "avg_turnover": 0.027315794326621214,
      "total_transaction_cost": 0.0,
      "calmar_ratio": 0.2531739169821852,
      "method": "A_ceil_CVaR",
      "group": "equity_v6",
      "crisis_2020": 0.16158452994965178,
      "crisis_2022": 0.04459670130193283,
      "universe_id": 68,
      "corr_group": "low",
      "avg_corr_val": 0.2840844666567549
    },
    {
      "annualized_return": 0.07308401239639695,
      "annualized_volatility": 0.22346778911906542,
      "sharpe_ratio": 0.32704495213606466,
      "sortino_ratio": 0.47103789783165795,
      "max_drawdown": 0.34294823104699945,
      "var_5pct": 0.016143828214711838,
      "cvar_5pct": 0.02927201149583097,
      "avg_turnover": 0.01831815629923165,
      "total_transaction_cost": 0.0,
      "calmar_ratio": 0.21310508636617265,
      "method": "B_fixed_kappa",
      "group": "equity_v6",
      "crisis_2020": 0.13781000473119442,
      "crisis_2022": 0.09748655572814535,
      "universe_id": 68,
      "corr_group": "low",
      "avg_corr_val": 0.2840844666567549
    },
    {
      "annualized_return": 0.07681683108130688,
      "annualized_volatility": 0.2203341316211785,
      "sharpe_ratio": 0.34863790968790265,
      "sortino_ratio": 0.4990952660150909,
      "max_drawdown": 0.35064096328667316,
      "var_5pct": 0.01553952883149799,
      "cvar_5pct": 0.028232542758364253,
      "avg_turnover": 0.02625489921007537,
      "total_transaction_cost": 0.0,
      "calmar_ratio": 0.21907546215159074,
      "method": "C_default",
      "group": "equity_v6",
      "crisis_2020": 0.13605570791243682,
      "crisis_2022": 0.06109783217502274,
      "universe_id": 68,
      "corr_group": "low",
      "avg_corr_val": 0.2840844666567549
    },
    {
      "annualized_return": 0.08059352716897861,
      "annualized_volatility": 0.2216430698586313,
      "sharpe_ratio": 0.3636185296494173,
      "sortino_ratio": 0.5208267409449263,
      "max_drawdown": 0.35324615382756885,
      "var_5pct": 0.016033096999487337,
      "cvar_5pct": 0.028310571550230007,
      "avg_turnover": 0.02340545973896556,
      "total_transaction_cost": 0.0,
      "calmar_ratio": 0.22815118097030712,
      "method": "C_stable",
      "group": "equity_v6",
      "crisis_2020": 0.14697927450944526,
      "crisis_2022": 0.010242852695916072,
      "universe_id": 68,
      "corr_group": "low",
      "avg_corr_val": 0.2840844666567549
    }
  ]
}