{
  "params": {
    "universe_id": 2,
    "A_cvar": 0.029557336714139255,
    "B_cvar": 0.030044298981025033,
    "C_stable_cvar": 0.029906630182802197,
    "delta_A": -0.0003492934686629423,
    "delta_B": 0.00013766879822283556,
    "win_vs_A": false,
    "win_vs_B": true,
    "kappa_max": 0.75,
    "weight_cap": null,
    "rho": null,
    "tickers": "AAPL,ABT,ADSK,BA,BAC,BDX,BLK,COF,COP,DG,DIS,DUK,EW,GILD,GM,GS,HD,INTC,KMB,KO,MET,MO,MSFT,PNC,SCHW,SLB,SO,SYK,TGT,UPS"
  },
  "metrics": [
    {
      "annualized_return": -0.018309745345109096,
      "annualized_volatility": 0.20539718759472822,
      "sharpe_ratio": -0.0891431161230712,
      "sortino_ratio": -0.11384089115961897,
      "max_drawdown": 0.3740656001011272,
      "var_5pct": 0.017136726331624805,
      "cvar_5pct": 0.029557336714139255,
      "avg_turnover": 0.025672110042045334,
      "total_transaction_cost": 0.0,
      "calmar_ratio": -0.048947952819396186,
      "method": "A_ceil_CVaR",
      "group": "equity_v6",
      "crisis_2020": 0.09842609781575717,
      "crisis_2022": 0.1528403567527663,
      "universe_id": 2
    },
    {
      "annualized_return": 0.03463444288229134,
      "annualized_volatility": 0.20428181811970755,
      "sharpe_ratio": 0.1695424644301718,
      "sortino_ratio": 0.2082352967902687,
      "max_drawdown": 0.37467983864085996,
      "var_5pct": 0.01738502435262757,
      "cvar_5pct": 0.030044298981025033,
      "avg_turnover": 0.026015514353104334,
      "total_transaction_cost": 0.0,
      "calmar_ratio": 0.09243743407151758,
      "method": "B_fixed_kappa",
      "group": "equity_v6",
      "crisis_2020": 0.16995170578671093,
      "crisis_2022": 0.09477104085340793,
      "universe_id": 2
    },
    {
      "annualized_return": 0.09863233743934119,
      "annualized_volatility": 0.2053967855275372,
      "sharpe_ratio": 0.48020389991019463,
      "sortino_ratio": 0.6340442377542539,
      "max_drawdown": 0.323774827617622,
      "var_5pct": 0.015328926788588163,
      "cvar_5pct": 0.028397052630824357,
      "avg_turnover": 0.029531983596234403,
      "total_transaction_cost": 0.0,
      "calmar_ratio": 0.3046325069959607,
      "method": "C_default",
      "group": "equity_v6",
      "crisis_2020": 0.054314933317782255,
      "crisis_2022": 0.06113918486194114,
      "universe_id": 2
    },
    {
      "annualized_return": 0.012798349272258092,
      "annualized_volatility": 0.20585520988313688,
      "sharpe_ratio": 0.0621716073133328,
      "sortino_ratio": 0.07765214918508673,
      "max_drawdown": 0.35872483942185374,
      "var_5pct": 0.01766633767498685,
      "cvar_5pct": 0.029906630182802197,
      "avg_turnover": 0.03819509384343581,
      "total_transaction_cost": 0.0,
      "calmar_ratio": 0.035677343372387635,
      "method": "C_stable",
      "group": "equity_v6",
      "crisis_2020": 0.1458563123799027,
      "crisis_2022": 0.05461621697153263,
      "universe_id": 2
    }
  ]
}