{
  "params": {
    "universe_id": 1,
    "seed": 123,
    "A_cvar": 0.02680015987977221,
    "B_cvar": 0.02747952075772038,
    "C_stable_cvar": 0.025721476428064653,
    "delta_A": 0.0010786834517075572,
    "delta_B": 0.0017580443296557266,
    "win_vs_A": true,
    "win_vs_B": true,
    "kappa_max": 0.75,
    "weight_cap": 0.1,
    "rho": 0.7,
    "tickers": "ABT,ADBE,ADSK,AIG,CB,CI,CMCSA,COF,COST,DIS,DUK,EMR,EW,GM,KO,LMT,MA,MCD,MMM,MRK,NEE,NVDA,PM,SHW,T,TGT,TJX,TRV,V,VZ"
  },
  "metrics": [
    {
      "annualized_return": 0.03298567055899326,
      "annualized_volatility": 0.1858362572051975,
      "sharpe_ratio": 0.1774985735026454,
      "sortino_ratio": 0.21973618360334013,
      "max_drawdown": 0.32873319135879064,
      "var_5pct": 0.015229770606046644,
      "cvar_5pct": 0.02680015987977221,
      "avg_turnover": 0.02085214788209262,
      "total_transaction_cost": 0.0,
      "calmar_ratio": 0.10034177085267783,
      "method": "A_ceil_CVaR",
      "group": "equity_v6",
      "crisis_2020": 0.06592948008242139,
      "crisis_2022": 0.08011127730268153,
      "universe_id": 1
    },
    {
      "annualized_return": 0.07494497825407365,
      "annualized_volatility": 0.18510133516967456,
      "sharpe_ratio": 0.4048862110334037,
      "sortino_ratio": 0.5021391941864509,
      "max_drawdown": 0.33752719512140705,
      "var_5pct": 0.01607946305307742,
      "cvar_5pct": 0.02747952075772038,
      "avg_turnover": 0.026885614387169597,
      "total_transaction_cost": 0.0,
      "calmar_ratio": 0.22204130315222828,
      "method": "B_fixed_kappa",
      "group": "equity_v6",
      "crisis_2020": 0.10200216336281942,
      "crisis_2022": 0.04175342513147784,
      "universe_id": 1
    },
    {
      "annualized_return": 0.06795520399943511,
      "annualized_volatility": 0.1880414289242898,
      "sharpe_ratio": 0.3613842140435743,
      "sortino_ratio": 0.46468395921688016,
      "max_drawdown": 0.303466335660594,
      "var_5pct": 0.0158939617860557,
      "cvar_5pct": 0.027339011314148766,
      "avg_turnover": 0.02182720990972378,
      "total_transaction_cost": 0.0,
      "calmar_ratio": 0.2239299586608456,
      "method": "C_default",
      "group": "equity_v6",
      "crisis_2020": 0.06119096008322533,
      "crisis_2022": 0.04950698856743152,
      "universe_id": 1
    },
    {
      "annualized_return": 0.0689808251722035,
      "annualized_volatility": 0.17311434528112865,
      "sharpe_ratio": 0.39846972277301596,
      "sortino_ratio": 0.48831358029654837,
      "max_drawdown": 0.28928081378508386,
      "var_5pct": 0.01463892730450985,
      "cvar_5pct": 0.025721476428064653,
      "avg_turnover": 0.011290774925639674,
      "total_transaction_cost": 0.0,
      "calmar_ratio": 0.2384562746129842,
      "method": "C_stable",
      "group": "equity_v6",
      "crisis_2020": 0.08131769074839257,
      "crisis_2022": 0.02395434315235534,
      "universe_id": 1
    }
  ]
}