{
  "params": {
    "universe_id": 192,
    "corr_group": "low",
    "avg_corr_val": 0.2725064294251852,
    "A_cvar": 0.0282822322193251,
    "C_stable_cvar": 0.027006028087995872,
    "delta_A": 0.0012762041313292283,
    "win_vs_A": true,
    "kappa_max": 0.75,
    "weight_cap": 0.15,
    "rho": 0.7
  },
  "metrics": [
    {
      "annualized_return": 0.046907528250686115,
      "annualized_volatility": 0.2154094640105126,
      "sharpe_ratio": 0.21775982994134785,
      "sortino_ratio": 0.28796783044642027,
      "max_drawdown": 0.2729368033874604,
      "var_5pct": 0.01545356543804868,
      "cvar_5pct": 0.0282822322193251,
      "avg_turnover": 0.02546875210424023,
      "total_transaction_cost": 0.0,
      "calmar_ratio": 0.17186223209369206,
      "method": "A_ceil_CVaR",
      "group": "equity_v6",
      "crisis_2020": 0.06909644654827318,
      "crisis_2022": 0.1444322552621935,
      "universe_id": 192,
      "corr_group": "low",
      "avg_corr_val": 0.2725064294251852
    },
    {
      "annualized_return": 0.16271287496971132,
      "annualized_volatility": 0.47902071082351344,
      "sharpe_ratio": 0.33967816274578566,
      "sortino_ratio": 1.064424246896862,
      "max_drawdown": 0.29635045631147794,
      "var_5pct": 0.0168806708193766,
      "cvar_5pct": 0.028364270756929447,
      "avg_turnover": 0.026583286285625538,
      "total_transaction_cost": 0.0,
      "calmar_ratio": 0.5490555911231417,
      "method": "B_fixed_kappa",
      "group": "equity_v6",
      "crisis_2020": 0.10050335567239954,
      "crisis_2022": 0.1701363943204689,
      "universe_id": 192,
      "corr_group": "low",
      "avg_corr_val": 0.2725064294251852
    },
    {
      "annualized_return": 0.07310312844819045,
      "annualized_volatility": 0.2185672820756127,
      "sharpe_ratio": 0.33446510270874225,
      "sortino_ratio": 0.45736402126496273,
      "max_drawdown": 0.24017289516374374,
      "var_5pct": 0.01704772213185055,
      "cvar_5pct": 0.028703011966022,
      "avg_turnover": 0.02265901470500188,
      "total_transaction_cost": 0.0,
      "calmar_ratio": 0.3043770963344994,
      "method": "C_default",
      "group": "equity_v6",
      "crisis_2020": 0.0572233170784292,
      "crisis_2022": 0.12813363015668167,
      "universe_id": 192,
      "corr_group": "low",
      "avg_corr_val": 0.2725064294251852
    },
    {
      "annualized_return": 0.10351456468833131,
      "annualized_volatility": 0.29811941568195416,
      "sharpe_ratio": 0.3472251696573994,
      "sortino_ratio": 0.6745199659446833,
      "max_drawdown": 0.28970943899708157,
      "var_5pct": 0.014904260313564054,
      "cvar_5pct": 0.027006028087995872,
      "avg_turnover": 0.012087450585054943,
      "total_transaction_cost": 0.0,
      "calmar_ratio": 0.35730477076162537,
      "method": "C_stable",
      "group": "equity_v6",
      "crisis_2020": 0.05405586226646952,
      "crisis_2022": 0.15552920399874048,
      "universe_id": 192,
      "corr_group": "low",
      "avg_corr_val": 0.2725064294251852
    }
  ]
}