avg_correlation,pc1_share,d_eff,d_eff_over_N,universe_turnover_mean
0.3291473341240292,0.38649281159627613,5.783903101357077,0.09639838502261795,0.015673311063507826
