{
  "params": {
    "universe_id": 244,
    "corr_group": "mid",
    "avg_corr_val": 0.333969314097956,
    "A_cvar": 0.027058706979867498,
    "C_stable_cvar": 0.026399329859990824,
    "delta_A": 0.0006593771198766737,
    "win_vs_A": true,
    "kappa_max": 0.75,
    "weight_cap": 0.1,
    "rho": 0.7
  },
  "metrics": [
    {
      "annualized_return": 0.03871430184483349,
      "annualized_volatility": 0.18191977279129837,
      "sharpe_ratio": 0.2128097526223674,
      "sortino_ratio": 0.25858199028807427,
      "max_drawdown": 0.2576783619107883,
      "var_5pct": 0.015597675867980871,
      "cvar_5pct": 0.027058706979867498,
      "avg_turnover": 0.024857548631853597,
      "total_transaction_cost": 0.0,
      "calmar_ratio": 0.15024273500402371,
      "method": "A_ceil_CVaR",
      "group": "equity_v6",
      "crisis_2020": 0.06497642968676998,
      "crisis_2022": 0.04628310650572365,
      "universe_id": 244,
      "corr_group": "mid",
      "avg_corr_val": 0.333969314097956
    },
    {
      "annualized_return": 0.0927277860592306,
      "annualized_volatility": 0.20171973917636732,
      "sharpe_ratio": 0.4596862282186324,
      "sortino_ratio": 0.5557587694009428,
      "max_drawdown": 0.32169574698300607,
      "var_5pct": 0.01692153053580197,
      "cvar_5pct": 0.02959819175826158,
      "avg_turnover": 0.03159453049193048,
      "total_transaction_cost": 0.0,
      "calmar_ratio": 0.2882468510350839,
      "method": "B_fixed_kappa",
      "group": "equity_v6",
      "crisis_2020": 0.13224974319772265,
      "crisis_2022": 0.03816535472213556,
      "universe_id": 244,
      "corr_group": "mid",
      "avg_corr_val": 0.333969314097956
    },
    {
      "annualized_return": 0.08691455340054222,
      "annualized_volatility": 0.19885409683434294,
      "sharpe_ratio": 0.4370770066303794,
      "sortino_ratio": 0.5253503138584013,
      "max_drawdown": 0.32077797097168614,
      "var_5pct": 0.015075184782606233,
      "cvar_5pct": 0.028888022184210778,
      "avg_turnover": 0.03132542695268972,
      "total_transaction_cost": 0.0,
      "calmar_ratio": 0.27094925857054514,
      "method": "C_default",
      "group": "equity_v6",
      "crisis_2020": 0.10811207317969895,
      "crisis_2022": 0.038165354722136,
      "universe_id": 244,
      "corr_group": "mid",
      "avg_corr_val": 0.333969314097956
    },
    {
      "annualized_return": 0.07473347612719405,
      "annualized_volatility": 0.1770210092400464,
      "sharpe_ratio": 0.42217291861585177,
      "sortino_ratio": 0.5040242559904775,
      "max_drawdown": 0.25607939021291903,
      "var_5pct": 0.01476527449091728,
      "cvar_5pct": 0.026399329859990824,
      "avg_turnover": 0.009640359819923339,
      "total_transaction_cost": 0.0,
      "calmar_ratio": 0.2918371371669402,
      "method": "C_stable",
      "group": "equity_v6",
      "crisis_2020": 0.06938731076713944,
      "crisis_2022": 0.0337201022353788,
      "universe_id": 244,
      "corr_group": "mid",
      "avg_corr_val": 0.333969314097956
    }
  ]
}