annualized_return,annualized_volatility,sharpe_ratio,sortino_ratio,max_drawdown,var_5pct,cvar_5pct,avg_turnover,total_transaction_cost,calmar_ratio,method,group,crisis_2020,crisis_2022
0.11017286138330529,0.2117186333686292,0.5203739492852302,0.6424540820750108,0.3574582520400241,0.01761098489799197,0.031109486544746538,0.0,0.0,0.3082118282472029,Equal_Weight,baseline,0.1513902396170812,0.09637596178502184
0.10995196284220099,0.21171282211192569,0.5193448452738161,0.6411659502458562,0.3574582520400241,0.01761098489799197,0.031109486544746538,0.0007949125596184419,0.0,0.3075938580651086,Buy_and_Hold,baseline,0.1513902396170812,0.09637596178502184
-0.07824646545239344,0.21379138371513096,-0.36599447598250234,-0.44728622362031695,0.39744864253349355,0.018793851641969617,0.032679762736787375,0.6176402796359108,0.0,-0.1968718900475286,Mean_Variance,baseline,0.1959731092231396,0.24156865772348002
0.0557071603617354,0.19972992138476048,0.27891244324089487,0.33053595484063536,0.3629206983287757,0.016219174302641474,0.029908011502247308,0.0,0.0,0.15349678488513593,Min_Variance,baseline,0.15567504915684238,0.09303496897130681
0.08894438109359526,0.17732622767316927,0.5015861571111129,0.6563423739047425,0.24941025247371462,0.01511806537088899,0.024633706495441547,0.0,0.0,0.356618784558462,Historical_CVaR,baseline,0.05966660733364071,0.025270091240480297
0.09405542906613773,0.2006504696245947,0.4687525986961802,0.5675524557368479,0.3509934932838684,0.016500566453584685,0.02961944700314297,0.0,0.0,0.26796915289272827,Risk_Parity,baseline,0.1444544818075224,0.07841293007764127
0.0744700244554477,0.20344106898836808,0.3660520701437407,0.442371138228486,0.3556658510462438,0.017391787627940157,0.030213008325051843,0.0,0.0,0.20938199221652315,Max_Diversification,baseline,0.15716450453278674,0.12215461555172469
