annualized_return,annualized_volatility,sharpe_ratio,sortino_ratio,max_drawdown,var_5pct,cvar_5pct,avg_turnover,total_transaction_cost,calmar_ratio,beta_to_spy,tracking_error,information_ratio,method,crisis_2020,crisis_2022
0.02080063172895419,0.19583232285908725,0.10621653987080291,0.1289955989704343,0.35745825204002424,0.016066682357138897,0.029171287822253294,0.0,0.0,0.05819038058359095,0.8242765160988389,0.09775586258072581,-1.0307003138946003,C_manual_kappa,,
0.07862683952750626,0.19837955107552727,0.3963454857177864,0.48128780459464776,0.35745825204002424,0.015851653880486864,0.02860140868937774,0.0,0.0,0.2199609019480756,0.8431227646514888,0.09427038851197071,-0.47894940675553516,A_no_kappa,,
0.12556809006276648,0.21070698452888853,0.5959370086545505,0.7299495313657581,0.34104746704498456,0.019253261812686242,0.032040306622732904,0.0,0.0,0.3681836172271114,,,,SPY,0.14145534078146238,0.19945155010361892
