mean_cvar_diff,ci_lo,ci_hi,prob_cvar_c_lt_a
0.0006015943373271599,-0.0015294398635794999,0.002688320268378835,0.264
