method,cvar_mean,cvar_lo,cvar_hi
A_no_kappa,0.028455998035504585,0.019257259817807723,0.044328133711354835
C_manual_kappa,0.029057592372831748,0.019774593647762736,0.044500817446874424
