{
  "params": {
    "universe_id": 3,
    "A_cvar": 0.027293377424628708,
    "B_cvar": 0.02775704329948573,
    "C_stable_cvar": 0.025925366014063658,
    "delta_A": 0.0013680114105650495,
    "delta_B": 0.0018316772854220717,
    "win_vs_A": true,
    "win_vs_B": true,
    "kappa_max": 1.25,
    "weight_cap": 0.15,
    "rho": 0.7,
    "tickers": "AAPL,ADSK,AIG,AMGN,BAC,CI,COST,DE,DIS,GS,INTC,ISRG,JNJ,JPM,LMT,MMC,MRK,MS,NKE,PEP,PNC,REGN,SBUX,SLB,SYK,T,UNH,UPS,VLO,YUM"
  },
  "metrics": [
    {
      "annualized_return": 0.011951986524238789,
      "annualized_volatility": 0.18236569147926562,
      "sharpe_ratio": 0.06553856938380151,
      "sortino_ratio": 0.08307901123311019,
      "max_drawdown": 0.35844684005430416,
      "var_5pct": 0.01600112390365411,
      "cvar_5pct": 0.027293377424628708,
      "avg_turnover": 0.02386311226127543,
      "total_transaction_cost": 0.0,
      "calmar_ratio": 0.03334381891169157,
      "method": "A_ceil_CVaR",
      "group": "equity_v6",
      "crisis_2020": 0.1919784884969471,
      "crisis_2022": 0.07820247225007038,
      "universe_id": 3
    },
    {
      "annualized_return": 0.07325185790201183,
      "annualized_volatility": 0.1863254699973092,
      "sharpe_ratio": 0.3931392627270426,
      "sortino_ratio": 0.5172714300027078,
      "max_drawdown": 0.303168859088114,
      "var_5pct": 0.015141184424981967,
      "cvar_5pct": 0.02775704329948573,
      "avg_turnover": 0.01726858333549428,
      "total_transaction_cost": 0.0,
      "calmar_ratio": 0.2416206536592918,
      "method": "B_fixed_kappa",
      "group": "equity_v6",
      "crisis_2020": 0.13746761123810403,
      "crisis_2022": 0.04402635082249473,
      "universe_id": 3
    },
    {
      "annualized_return": 0.04763752464262194,
      "annualized_volatility": 0.198696533291632,
      "sharpe_ratio": 0.23975015493955862,
      "sortino_ratio": 0.2919625847518332,
      "max_drawdown": 0.3610870896646634,
      "var_5pct": 0.01627330591183509,
      "cvar_5pct": 0.029145602775503356,
      "avg_turnover": 0.025938233203040475,
      "total_transaction_cost": 0.0,
      "calmar_ratio": 0.13192807498839754,
      "method": "C_default",
      "group": "equity_v6",
      "crisis_2020": 0.18118720732276306,
      "crisis_2022": 0.04545422068213756,
      "universe_id": 3
    },
    {
      "annualized_return": 0.016857716906519382,
      "annualized_volatility": 0.17602213667114056,
      "sharpe_ratio": 0.09577043674918226,
      "sortino_ratio": 0.11910386212552519,
      "max_drawdown": 0.3318712515336746,
      "var_5pct": 0.014142338597326772,
      "cvar_5pct": 0.025925366014063658,
      "avg_turnover": 0.011923754285575842,
      "total_transaction_cost": 0.0,
      "calmar_ratio": 0.050795954240130524,
      "method": "C_stable",
      "group": "equity_v6",
      "crisis_2020": 0.13358213052522017,
      "crisis_2022": 0.036121508052227025,
      "universe_id": 3
    }
  ]
}