avg_correlation,pc1_share,d_eff,d_eff_over_N,universe_turnover_mean
0.32654688707089874,0.3870365011410497,5.978628643144187,0.09964381071906979,0.006666033426178505
