{
  "params": {
    "universe_id": 239,
    "corr_group": "high",
    "avg_corr_val": 0.3910495935197156,
    "A_cvar": 0.028324367406147563,
    "C_stable_cvar": 0.027148393416569133,
    "delta_A": 0.00117597398957843,
    "win_vs_A": true,
    "kappa_max": 0.75,
    "weight_cap": 0.1,
    "rho": null
  },
  "metrics": [
    {
      "annualized_return": 0.033143634104740416,
      "annualized_volatility": 0.19151471484037771,
      "sharpe_ratio": 0.17306050938365092,
      "sortino_ratio": 0.2140027426887338,
      "max_drawdown": 0.34696143048775197,
      "var_5pct": 0.01598076232887483,
      "cvar_5pct": 0.028324367406147563,
      "avg_turnover": 0.020810281246276423,
      "total_transaction_cost": 0.0,
      "calmar_ratio": 0.0955254134678535,
      "method": "A_ceil_CVaR",
      "group": "equity_v6",
      "crisis_2020": 0.2019458994137413,
      "crisis_2022": 0.07191877584657735,
      "universe_id": 239,
      "corr_group": "high",
      "avg_corr_val": 0.3910495935197156
    },
    {
      "annualized_return": 0.04703068477407424,
      "annualized_volatility": 0.19249862253864272,
      "sharpe_ratio": 0.24431699382489433,
      "sortino_ratio": 0.3050189276034924,
      "max_drawdown": 0.34366993736175255,
      "var_5pct": 0.01605468689786264,
      "cvar_5pct": 0.02813503705038547,
      "avg_turnover": 0.0233477506490971,
      "total_transaction_cost": 0.0,
      "calmar_ratio": 0.13684841081857263,
      "method": "B_fixed_kappa",
      "group": "equity_v6",
      "crisis_2020": 0.16286849742376408,
      "crisis_2022": 0.07136902804818057,
      "universe_id": 239,
      "corr_group": "high",
      "avg_corr_val": 0.3910495935197156
    },
    {
      "annualized_return": 0.03672336925046826,
      "annualized_volatility": 0.19312943237943658,
      "sharpe_ratio": 0.19014900420935724,
      "sortino_ratio": 0.23221667086326853,
      "max_drawdown": 0.3262355118439815,
      "var_5pct": 0.015524395360639046,
      "cvar_5pct": 0.027825166405906317,
      "avg_turnover": 0.018477912289992397,
      "total_transaction_cost": 0.0,
      "calmar_ratio": 0.11256705023587625,
      "method": "C_default",
      "group": "equity_v6",
      "crisis_2020": 0.14665778275361074,
      "crisis_2022": 0.08305409706163802,
      "universe_id": 239,
      "corr_group": "high",
      "avg_corr_val": 0.3910495935197156
    },
    {
      "annualized_return": 0.07106743425881423,
      "annualized_volatility": 0.18175827652765228,
      "sharpe_ratio": 0.39099971465674743,
      "sortino_ratio": 0.47586189161756615,
      "max_drawdown": 0.3248140576598313,
      "var_5pct": 0.014631811970959712,
      "cvar_5pct": 0.027148393416569133,
      "avg_turnover": 0.010218091375278068,
      "total_transaction_cost": 0.0,
      "calmar_ratio": 0.21879420727917256,
      "method": "C_stable",
      "group": "equity_v6",
      "crisis_2020": 0.13972446679141948,
      "crisis_2022": 0.04791134813326692,
      "universe_id": 239,
      "corr_group": "high",
      "avg_corr_val": 0.3910495935197156
    }
  ]
}