{
  "episodes": 5000,
  "mean_discounted_cost": 19.213362946148727,
  "std_discounted_cost": 1.5104285432313143,
  "var_cost": 18.868767452994916,
  "cvar_cost": 19.690404745069046,
  "success_rate": 0.9604,
  "collision_rate": 0.0396,
  "timeout_rate": 0.0,
  "mean_steps": 56.5058,
  "risk_state_projection_rate": 0.002339582839283755
}