{
  "episodes": 5000,
  "mean_discounted_cost": 19.84518817749128,
  "std_discounted_cost": 0.2496940907622754,
  "var_cost": 19.868797136391454,
  "cvar_cost": 19.948216496380002,
  "success_rate": 0.9928,
  "collision_rate": 0.0072,
  "timeout_rate": 0.0,
  "mean_steps": 94.1318,
  "risk_state_projection_rate": 0.0
}