{
  "params": {
    "universe_id": 251,
    "corr_group": "mid",
    "avg_corr_val": 0.3339391250910632,
    "A_cvar": 0.027180005512576287,
    "C_stable_cvar": 0.027943546269356693,
    "delta_A": -0.0007635407567804058,
    "win_vs_A": false,
    "kappa_max": 1.25,
    "weight_cap": 0.1,
    "rho": 0.7
  },
  "metrics": [
    {
      "annualized_return": 0.04706150455539704,
      "annualized_volatility": 0.18754919843014983,
      "sharpe_ratio": 0.25092884933296294,
      "sortino_ratio": 0.3125460565556548,
      "max_drawdown": 0.2377303248304361,
      "var_5pct": 0.015566791551118056,
      "cvar_5pct": 0.027180005512576287,
      "avg_turnover": 0.02699198428850784,
      "total_transaction_cost": 0.0,
      "calmar_ratio": 0.19796172233796508,
      "method": "A_ceil_CVaR",
      "group": "equity_v6",
      "crisis_2020": 0.10453339538598694,
      "crisis_2022": 0.05099861511103443,
      "universe_id": 251,
      "corr_group": "mid",
      "avg_corr_val": 0.3339391250910632
    },
    {
      "annualized_return": 0.08899421863300239,
      "annualized_volatility": 0.18813052148964843,
      "sharpe_ratio": 0.47304508555194297,
      "sortino_ratio": 0.6061277328928744,
      "max_drawdown": 0.2396339543260615,
      "var_5pct": 0.016527803059610695,
      "cvar_5pct": 0.026821599978708515,
      "avg_turnover": 0.026585331728645675,
      "total_transaction_cost": 0.0,
      "calmar_ratio": 0.3713756628658353,
      "method": "B_fixed_kappa",
      "group": "equity_v6",
      "crisis_2020": 0.1039954541954008,
      "crisis_2022": 0.048078846116468954,
      "universe_id": 251,
      "corr_group": "mid",
      "avg_corr_val": 0.3339391250910632
    },
    {
      "annualized_return": 0.09102727823304946,
      "annualized_volatility": 0.18932287385110558,
      "sharpe_ratio": 0.48080443942890155,
      "sortino_ratio": 0.6113775599757578,
      "max_drawdown": 0.23913033192754707,
      "var_5pct": 0.016928258364401785,
      "cvar_5pct": 0.02720913847603422,
      "avg_turnover": 0.024159482067019903,
      "total_transaction_cost": 0.0,
      "calmar_ratio": 0.380659690886179,
      "method": "C_default",
      "group": "equity_v6",
      "crisis_2020": 0.10748681385665193,
      "crisis_2022": 0.06296274677756553,
      "universe_id": 251,
      "corr_group": "mid",
      "avg_corr_val": 0.3339391250910632
    },
    {
      "annualized_return": 0.07179006345805816,
      "annualized_volatility": 0.18769341853095614,
      "sharpe_ratio": 0.38248577930940014,
      "sortino_ratio": 0.4582117971026006,
      "max_drawdown": 0.28760713613686806,
      "var_5pct": 0.015570633146483019,
      "cvar_5pct": 0.027943546269356693,
      "avg_turnover": 0.009270957828009038,
      "total_transaction_cost": 0.0,
      "calmar_ratio": 0.24961155144597774,
      "method": "C_stable",
      "group": "equity_v6",
      "crisis_2020": 0.1113504873908241,
      "crisis_2022": 0.0204530113329906,
      "universe_id": 251,
      "corr_group": "mid",
      "avg_corr_val": 0.3339391250910632
    }
  ]
}