{
  "params": {
    "universe_id": 215,
    "corr_group": "low",
    "avg_corr_val": 0.2833736103902859,
    "A_cvar": 0.02644210496146015,
    "C_stable_cvar": 0.027422482123728106,
    "delta_A": -0.000980377162267957,
    "win_vs_A": false,
    "kappa_max": 1.25,
    "weight_cap": 0.15,
    "rho": 0.7
  },
  "metrics": [
    {
      "annualized_return": 0.023266066743662606,
      "annualized_volatility": 0.1865891700286176,
      "sharpe_ratio": 0.12469141022543932,
      "sortino_ratio": 0.16063740574894808,
      "max_drawdown": 0.33551573885056385,
      "var_5pct": 0.015932295759635087,
      "cvar_5pct": 0.02644210496146015,
      "avg_turnover": 0.02451956140345487,
      "total_transaction_cost": 0.0,
      "calmar_ratio": 0.06934418881024575,
      "method": "A_ceil_CVaR",
      "group": "equity_v6",
      "crisis_2020": 0.040192603746531,
      "crisis_2022": 0.025993533697541427,
      "universe_id": 215,
      "corr_group": "low",
      "avg_corr_val": 0.2833736103902859
    },
    {
      "annualized_return": 0.024876344892113433,
      "annualized_volatility": 0.19434460408673865,
      "sharpe_ratio": 0.12800121212015117,
      "sortino_ratio": 0.15587694367323093,
      "max_drawdown": 0.3398882970117255,
      "var_5pct": 0.01665617510911037,
      "cvar_5pct": 0.028782159214114048,
      "avg_turnover": 0.026521373180529714,
      "total_transaction_cost": 0.0,
      "calmar_ratio": 0.07318976590492977,
      "method": "B_fixed_kappa",
      "group": "equity_v6",
      "crisis_2020": 0.13655461012249648,
      "crisis_2022": 0.09357214356125387,
      "universe_id": 215,
      "corr_group": "low",
      "avg_corr_val": 0.2833736103902859
    },
    {
      "annualized_return": 0.02844881267292232,
      "annualized_volatility": 0.19168603563908979,
      "sharpe_ratio": 0.14841358984796524,
      "sortino_ratio": 0.1909930252073779,
      "max_drawdown": 0.3342542548577645,
      "var_5pct": 0.01657435850906155,
      "cvar_5pct": 0.02765047646928716,
      "avg_turnover": 0.027936348529038726,
      "total_transaction_cost": 0.0,
      "calmar_ratio": 0.08511129554664358,
      "method": "C_default",
      "group": "equity_v6",
      "crisis_2020": 0.0447576686364658,
      "crisis_2022": 0.14937285505034748,
      "universe_id": 215,
      "corr_group": "low",
      "avg_corr_val": 0.2833736103902859
    },
    {
      "annualized_return": 0.018615885983017222,
      "annualized_volatility": 0.18566625657386723,
      "sharpe_ratio": 0.10026531652298866,
      "sortino_ratio": 0.12568995776456784,
      "max_drawdown": 0.330834344200995,
      "var_5pct": 0.01603722339772685,
      "cvar_5pct": 0.027422482123728106,
      "avg_turnover": 0.012626832211775085,
      "total_transaction_cost": 0.0,
      "calmar_ratio": 0.05626950862062656,
      "method": "C_stable",
      "group": "equity_v6",
      "crisis_2020": 0.11003313303678786,
      "crisis_2022": 0.02290581141645176,
      "universe_id": 215,
      "corr_group": "low",
      "avg_corr_val": 0.2833736103902859
    }
  ]
}