{
  "plain_cvar": 0.012666474238054856,
  "rcvar_kappa_1": 0.012821628872252749,
  "rcvar_kappa_K": 0.016562789855217235,
  "rcvar_high_tail_kappa": 0.016562789855217235
}